{
  "ga_svm": {
    "fold_accuracies": [
      0.7,
      0.95,
      0.75,
      0.8,
      0.75
    ],
    "fold_f1s": [
      0.6888888888888888,
      0.9474747474747475,
      0.7521367521367521,
      0.8015873015873015,
      0.7341057635175282
    ],
    "mean_accuracy": 0.79,
    "std_accuracy": 0.08602325267042626,
    "mean_f1": 0.7848386907210436,
    "std_f1": 0.0889725958751132,
    "confusion_matrices": [
      [
        [
          3,
          3,
          1
        ],
        [
          0,
          5,
          2
        ],
        [
          0,
          0,
          6
        ]
      ],
      [
        [
          7,
          0,
          0
        ],
        [
          0,
          7,
          0
        ],
        [
          1,
          0,
          5
        ]
      ],
      [
        [
          6,
          0,
          0
        ],
        [
          1,
          5,
          2
        ],
        [
          0,
          2,
          4
        ]
      ],
      [
        [
          5,
          0,
          1
        ],
        [
          0,
          6,
          1
        ],
        [
          1,
          1,
          5
        ]
      ],
      [
        [
          5,
          0,
          1
        ],
        [
          0,
          7,
          0
        ],
        [
          1,
          3,
          3
        ]
      ]
    ]
  },
  "kegg_svm": {
    "fold_accuracies": [
      0.55,
      0.55,
      0.7,
      0.7,
      0.6
    ],
    "fold_f1s": [
      0.55007215007215,
      0.5445632798573975,
      0.6880952380952382,
      0.6940170940170941,
      0.5837789661319074
    ],
    "mean_accuracy": 0.62,
    "std_accuracy": 0.06782329983125264,
    "mean_f1": 0.6121053456347575,
    "std_f1": 0.06587325717789892,
    "confusion_matrices": [
      [
        [
          4,
          1,
          2
        ],
        [
          3,
          4,
          0
        ],
        [
          1,
          2,
          3
        ]
      ],
      [
        [
          3,
          3,
          1
        ],
        [
          1,
          5,
          1
        ],
        [
          1,
          2,
          3
        ]
      ],
      [
        [
          3,
          1,
          2
        ],
        [
          1,
          6,
          1
        ],
        [
          0,
          1,
          5
        ]
      ],
      [
        [
          4,
          1,
          1
        ],
        [
          0,
          6,
          1
        ],
        [
          2,
          1,
          4
        ]
      ],
      [
        [
          3,
          2,
          1
        ],
        [
          0,
          6,
          1
        ],
        [
          2,
          2,
          3
        ]
      ]
    ]
  },
  "kegg_ga_svm": {
    "fold_accuracies": [
      0.8,
      0.85,
      0.75,
      0.7,
      0.65
    ],
    "fold_f1s": [
      0.8055555555555557,
      0.8452991452991453,
      0.7564102564102564,
      0.6897435897435898,
      0.6444444444444444
    ],
    "mean_accuracy": 0.7499999999999999,
    "std_accuracy": 0.07071067811865475,
    "mean_f1": 0.7482905982905984,
    "std_f1": 0.0734406403154133,
    "confusion_matrices": [
      [
        [
          5,
          0,
          2
        ],
        [
          0,
          5,
          2
        ],
        [
          0,
          0,
          6
        ]
      ],
      [
        [
          7,
          0,
          0
        ],
        [
          0,
          5,
          2
        ],
        [
          1,
          0,
          5
        ]
      ],
      [
        [
          5,
          1,
          0
        ],
        [
          1,
          5,
          2
        ],
        [
          0,
          1,
          5
        ]
      ],
      [
        [
          6,
          0,
          0
        ],
        [
          0,
          5,
          2
        ],
        [
          3,
          1,
          3
        ]
      ],
      [
        [
          3,
          3,
          0
        ],
        [
          0,
          7,
          0
        ],
        [
          0,
          4,
          3
        ]
      ]
    ]
  }
}